{
    "best_valid": 0.6544230769230769,
    "selected_epoch": 20,
    "test": 0.6520673076923077,
    "time": 84.73830533027649
}