{
    "best_valid": 0.8803365384615385,
    "selected_epoch": 18,
    "test": 0.8775,
    "time": 486.1267421245575
}